index,source.ip,destination.ip,source.port,destination.port,network.protocol,network.transport,Argus.transaction.state,count_z_score
0,*,*,*,0,*,*,*,[10]
1,*,*,*,111,*,*,*,[2.7854576738348835]
2,*,*,*,138,*,*,*,[0]
3,*,*,*,143,*,*,*,[1.1201983346582338]
4,*,*,*,1723,*,*,*,[3.1412620127672732]
5,*,*,*,179,*,*,*,[0]
6,*,*,*,21,*,*,*,[0.5948732191058046]
7,*,*,*,22,*,*,*,[0.7963718949866447]
8,*,*,*,25,*,*,*,[1.8496963354018559]
9,*,*,*,445,*,*,*,[2.8396014586524103]
10,*,*,*,48879,*,*,*,[3.862357857472309]
11,*,*,*,514,*,*,*,[5.303736302676486]
12,*,*,*,5190,*,*,*,[0]
13,*,*,*,520,*,*,*,[0.14991017403734372]
14,*,*,*,52233,*,*,*,[10]
15,*,*,*,53,*,*,*,[1.4239958380802453]
16,*,*,*,6881,*,*,*,[0.8581391437017188]
17,*,*,*,80,*,*,*,[4.618266395429047]
18,*,*,*,?,*,*,*,[0.144779650086215]
