index,source.ip,destination.ip,source.port,destination.port,network.protocol,network.transport,Argus.transaction.state,count_z_score
0,*,10.40.170.2,*,*,*,*,*,[8.74573066576194]
1,*,10.40.182.255,*,*,*,*,*,[0]
2,*,10.40.182.3,*,*,*,*,*,[8.096389019279838]
3,*,10.40.85.1,*,*,*,*,*,[10]
4,*,10.40.85.30,*,*,*,*,*,[9.963282104370133]
5,*,149.171.126.0,*,*,*,*,*,[0.7272576392684702]
6,*,149.171.126.1,*,*,*,*,*,[0.9735862223600513]
7,*,149.171.126.10,*,*,*,*,*,[10]
8,*,149.171.126.11,*,*,*,*,*,[0.5912388228586232]
9,*,149.171.126.12,*,*,*,*,*,[1.2290732083305276]
10,*,149.171.126.13,*,*,*,*,*,[0.0989495975530925]
11,*,149.171.126.14,*,*,*,*,*,[4.389786622088026]
12,*,149.171.126.15,*,*,*,*,*,[3.8849533139364967]
13,*,149.171.126.16,*,*,*,*,*,[0.10956512169110971]
14,*,149.171.126.17,*,*,*,*,*,[10]
15,*,149.171.126.18,*,*,*,*,*,[0.8992462780487565]
16,*,149.171.126.19,*,*,*,*,*,[0.05316190336545858]
17,*,149.171.126.2,*,*,*,*,*,[1.3308879707554717]
18,*,149.171.126.3,*,*,*,*,*,[0.7235996739784286]
19,*,149.171.126.4,*,*,*,*,*,[0.3898535941891689]
20,*,149.171.126.5,*,*,*,*,*,[1.8692238462407051]
21,*,149.171.126.6,*,*,*,*,*,[0.2605603266303526]
22,*,149.171.126.7,*,*,*,*,*,[1.413084009157144]
23,*,149.171.126.8,*,*,*,*,*,[0.11574926056252614]
24,*,149.171.126.9,*,*,*,*,*,[0.4104705622710186]
25,*,175.45.176.0,*,*,*,*,*,[1.7930925534419184]
26,*,175.45.176.1,*,*,*,*,*,[0]
27,*,192.168.241.50,*,*,*,*,*,[7.595402612440662]
28,*,224.0.0.5,*,*,*,*,*,[9.197795796483641]
29,*,?,*,*,*,*,*,[0]
