index,source.ip,destination.ip,source.port,destination.port,network.protocol,network.transport,Argus.transaction.state,count_z_score
0,10.40.170.2,10.40.170.2,0,0,*,arp,*,[8.74573066576194]
1,10.40.182.1,10.40.182.3,0,0,*,arp,*,[8.81087844357011]
2,10.40.182.1,224.0.0.5,0,0,*,ospf,*,[9.197795796483641]
3,10.40.182.3,10.40.182.3,0,0,*,arp,*,[8.74573066576194]
4,10.40.85.1,10.40.85.30,0,0,*,arp,*,[9.963282104370133]
5,10.40.85.1,224.0.0.5,0,0,*,ospf,*,[9.197795796483641]
6,10.40.85.10,192.168.241.50,2048,52233,*,icmp,*,[10]
7,10.40.85.30,10.40.85.1,0,0,*,arp,*,[10]
