index,source.ip,destination.ip,source.port,destination.port,network.protocol,network.transport,Argus.transaction.state,count_z_score
0,10.40.170.2,10.40.170.2,*,*,unknown,*,*,[8.74573066576194]
1,10.40.182.1,10.40.182.3,*,*,unknown,*,*,[8.81087844357011]
2,10.40.182.1,224.0.0.5,*,*,unknown,*,*,[9.197795796483641]
3,10.40.182.3,10.40.182.3,*,*,unknown,*,*,[8.74573066576194]
4,10.40.85.1,10.40.85.30,*,*,unknown,*,*,[9.963282104370133]
5,10.40.85.1,224.0.0.5,*,*,unknown,*,*,[9.197795796483641]
6,10.40.85.30,10.40.85.1,*,*,unknown,*,*,[10]
7,175.45.176.0,149.171.126.10,*,*,?,*,*,[10]
8,175.45.176.0,149.171.126.14,*,*,?,*,*,[10]
