index,source.ip,destination.ip,source.port,destination.port,network.protocol,network.transport,Argus.transaction.state,count_z_score
0,10.40.170.2,*,*,*,*,arp,*,[8.74573066576194]
1,10.40.182.1,*,*,*,*,arp,*,[8.81087844357011]
2,10.40.182.1,*,*,*,*,ospf,*,[9.197795796483641]
3,10.40.182.3,*,*,*,*,arp,*,[8.696263565463042]
4,10.40.182.6,*,*,*,*,udp,*,[0]
5,10.40.85.1,*,*,*,*,arp,*,[9.963282104370133]
6,10.40.85.1,*,*,*,*,ospf,*,[9.197795796483641]
7,10.40.85.10,*,*,*,*,arp,*,[7.884206636416519]
8,10.40.85.10,*,*,*,*,icmp,*,[10]
9,10.40.85.30,*,*,*,*,arp,*,[10]
10,175.45.176.0,*,*,*,*,tcp,*,[0.8939666904035383]
11,175.45.176.0,*,*,*,*,udp,*,[10]
12,175.45.176.1,*,*,*,*,tcp,*,[8.685372157384464]
13,175.45.176.1,*,*,*,*,udp,*,[1.6424593134052123]
14,175.45.176.2,*,*,*,*,tcp,*,[1.3787555119067763]
15,175.45.176.2,*,*,*,*,udp,*,[2.281947000828658]
16,175.45.176.3,*,*,*,*,tcp,*,[2.6487228986830442]
17,175.45.176.3,*,*,*,*,udp,*,[1.7027819245342226]
18,59.166.0.0,*,*,*,*,tcp,*,[0.4635894082862485]
19,59.166.0.0,*,*,*,*,udp,*,[0.7917268146182576]
20,59.166.0.1,*,*,*,*,tcp,*,[0.7783305671968812]
21,59.166.0.1,*,*,*,*,udp,*,[0.21267404496553832]
22,59.166.0.2,*,*,*,*,tcp,*,[0]
23,59.166.0.2,*,*,*,*,udp,*,[1.2129410627416064]
24,59.166.0.3,*,*,*,*,tcp,*,[0.5097809867872112]
25,59.166.0.3,*,*,*,*,udp,*,[1.3678179560863493]
26,59.166.0.4,*,*,*,*,tcp,*,[0.5613652355193229]
27,59.166.0.4,*,*,*,*,udp,*,[0]
28,59.166.0.5,*,*,*,*,tcp,*,[1.3439364362553379]
29,59.166.0.5,*,*,*,*,udp,*,[1.0000487922849082]
30,59.166.0.6,*,*,*,*,tcp,*,[0.474537505640292]
31,59.166.0.6,*,*,*,*,udp,*,[1.1357202933007384]
32,59.166.0.7,*,*,*,*,tcp,*,[0.5499325649707741]
33,59.166.0.7,*,*,*,*,udp,*,[0.6681095359507992]
34,59.166.0.8,*,*,*,*,tcp,*,[1.5904983810942654]
35,59.166.0.8,*,*,*,*,udp,*,[2.4845945215825513]
36,59.166.0.9,*,*,*,*,tcp,*,[0]
37,59.166.0.9,*,*,*,*,udp,*,[0]
38,?,*,*,*,*,udp,*,[0.5975702688370261]
39,?,*,*,*,*,icmp,*,[2.8643577734887544]
40,?,*,*,*,*,tcp,*,[0.8523350502129327]
41,175.45.176.0,*,*,*,*,?,*,[10]
42,175.45.176.1,*,*,*,*,?,*,[10]
43,175.45.176.2,*,*,*,*,?,*,[10]
44,175.45.176.3,*,*,*,*,?,*,[10]
